Id, name, class, variant, type, subtype, pv, size, move, armor, structure, damageS, damageSMin, damageM, damageMMin, damageL, damageLMin, damageE, damageEMin, overheat, abilities, imagelink, rulesLevel, tonnage, intro, role, technology, threshold
4131,"=hyperlink(""http://masterunitlist.info/Unit/Details/4131"", ""Erinyes"")","=hyperlink(""https://www.sarna.net/wiki/Erinyes"", ""Erinyes"")",,Protomech,PM,5,1,8/8j,0,1,0,true,0,true,0,false,0,false,0,"-",https://i.ibb.co/BTSj78J/erinyes-3075.png,Standard,2,3062,Scout,Clan,0
4132,"=hyperlink(""http://masterunitlist.info/Unit/Details/4132"", ""Erinyes 2"")","=hyperlink(""https://www.sarna.net/wiki/Erinyes"", ""Erinyes"")",2,Protomech,PM,3,1,10,0,1,0,true,0,false,0,false,0,false,0,"ENE",https://i.ibb.co/BTSj78J/erinyes-3075.png,Standard,2,3064,Scout,Clan,0
4133,"=hyperlink(""http://masterunitlist.info/Unit/Details/4133"", ""Erinyes 3"")","=hyperlink(""https://www.sarna.net/wiki/Erinyes"", ""Erinyes"")",3,Protomech,PM,6,1,10,0,1,0,true,0,true,0,false,0,false,0,"-",https://i.ibb.co/BTSj78J/erinyes-3075.png,Standard,2,3072,Scout,Clan,0
1391,"=hyperlink(""http://masterunitlist.info/Unit/Details/1391"", ""Harpy"")","=hyperlink(""https://www.sarna.net/wiki/Harpy"", ""Harpy"")",,Protomech,PM,2,1,6/6j,0,1,0,true,0,false,0,false,0,false,0,"-",https://i.ibb.co/RzC8ML8/harpy-3060.png,Standard,2,3057,Ambusher,Clan,0
1392,"=hyperlink(""http://masterunitlist.info/Unit/Details/1392"", ""Harpy 2"")","=hyperlink(""https://www.sarna.net/wiki/Harpy"", ""Harpy"")",2,Protomech,PM,2,1,6/6j,0,1,0,true,0,false,0,false,0,false,0,"ENE",https://i.ibb.co/RzC8ML8/harpy-3060.png,Standard,2,3063,Ambusher,Clan,0
1393,"=hyperlink(""http://masterunitlist.info/Unit/Details/1393"", ""Harpy 3"")","=hyperlink(""https://www.sarna.net/wiki/Harpy"", ""Harpy"")",3,Protomech,PM,6,1,10,0,1,0,true,0,true,0,false,0,false,0,"-",https://i.ibb.co/RzC8ML8/harpy-3060.png,Standard,2,3065,Scout,Clan,0
1394,"=hyperlink(""http://masterunitlist.info/Unit/Details/1394"", ""Harpy 4"")","=hyperlink(""https://www.sarna.net/wiki/Harpy"", ""Harpy"")",4,Protomech,PM,5,1,8/6j,0,1,0,true,0,true,0,false,0,false,0,"-",https://i.ibb.co/RzC8ML8/harpy-3060.png,Standard,2,3069,Ambusher,Clan,0
3911,"=hyperlink(""http://masterunitlist.info/Unit/Details/3911"", ""Cecerops"")","=hyperlink(""https://www.sarna.net/wiki/Cecerops"", ""Cecerops"")",,Protomech,PM,6,1,18,0,1,0,true,0,false,0,false,0,false,0,"ENE",https://i.ibb.co/yYy2hb8/ceretops-3075.png,Standard,3,3067,Scout,Clan,0
3912,"=hyperlink(""http://masterunitlist.info/Unit/Details/3912"", ""Cecerops 2"")","=hyperlink(""https://www.sarna.net/wiki/Cecerops"", ""Cecerops"")",2,Protomech,PM,7,1,16,0,1,0,true,0,true,0,false,0,false,0,"-",https://i.ibb.co/yYy2hb8/ceretops-3075.png,Standard,3,3067,Scout,Clan,0
3913,"=hyperlink(""http://masterunitlist.info/Unit/Details/3913"", ""Cecerops 3"")","=hyperlink(""https://www.sarna.net/wiki/Cecerops"", ""Cecerops"")",3,Protomech,PM,7,1,14,0,1,0,true,0,true,0,false,0,false,0,"-",https://i.ibb.co/yYy2hb8/ceretops-3075.png,Standard,3,3072,Scout,Clan,0
3914,"=hyperlink(""http://masterunitlist.info/Unit/Details/3914"", ""Cecerops 4"")","=hyperlink(""https://www.sarna.net/wiki/Cecerops"", ""Cecerops"")",4,Protomech,PM,6,1,16,0,1,0,true,0,false,0,false,0,false,0,"ENE",https://i.ibb.co/yYy2hb8/ceretops-3075.png,Standard,3,3072,Scout,Clan,0
8031,"=hyperlink(""http://masterunitlist.info/Unit/Details/8031"", ""Cecerops 5"")","=hyperlink(""https://www.sarna.net/wiki/Cecerops"", ""Cecerops"")",5,Protomech,PM,4,1,8,0,1,0,true,0,true,0,false,0,false,0,"MCS",https://i.ibb.co/yYy2hb8/ceretops-3075.png,Advanced,3,3146,Ambusher,Clan,0
2946,"=hyperlink(""http://masterunitlist.info/Unit/Details/2946"", ""Siren"")","=hyperlink(""https://www.sarna.net/wiki/Siren"", ""Siren"")",,Protomech,PM,9,1,20,0,1,0,true,0,true,0,false,0,false,0,"-",https://i.ibb.co/BrvGdvB/siren-3060.png,Standard,3,3059,Scout,Clan,0
2947,"=hyperlink(""http://masterunitlist.info/Unit/Details/2947"", ""Siren 2"")","=hyperlink(""https://www.sarna.net/wiki/Siren"", ""Siren"")",2,Protomech,PM,7,1,20,0,1,0,true,0,false,0,false,0,false,0,"-",https://i.ibb.co/BrvGdvB/siren-3060.png,Standard,3,3061,Scout,Clan,0
2948,"=hyperlink(""http://masterunitlist.info/Unit/Details/2948"", ""Siren 3"")","=hyperlink(""https://www.sarna.net/wiki/Siren"", ""Siren"")",3,Protomech,PM,7,1,16,0,1,0,true,0,true,0,false,0,false,0,"-",https://i.ibb.co/BrvGdvB/siren-3060.png,Standard,3,3064,Striker,Clan,0
2949,"=hyperlink(""http://masterunitlist.info/Unit/Details/2949"", ""Siren 4"")","=hyperlink(""https://www.sarna.net/wiki/Siren"", ""Siren"")",4,Protomech,PM,8,1,26,0,1,0,true,0,false,0,false,0,false,0,"ENE",https://i.ibb.co/BrvGdvB/siren-3060.png,Standard,3,3068,Scout,Clan,0
2950,"=hyperlink(""http://masterunitlist.info/Unit/Details/2950"", ""Siren 5"")","=hyperlink(""https://www.sarna.net/wiki/Siren"", ""Siren"")",5,Protomech,PM,7,1,16,0,1,0,true,0,true,0,false,0,false,0,"-",https://i.ibb.co/BrvGdvB/siren-3060.png,Standard,3,3070,Striker,Clan,0
4750,"=hyperlink(""http://masterunitlist.info/Unit/Details/4750"", ""Orc"")","=hyperlink(""https://www.sarna.net/wiki/Orc"", ""Orc"")",,Protomech,PM,12,1,12,1,1,1,false,1,false,0,false,0,false,0,"-",https://i.ibb.co/1sQgPkw/orc-3075.png,Standard,4,3066,Striker,Clan,0
4751,"=hyperlink(""http://masterunitlist.info/Unit/Details/4751"", ""Orc 2"")","=hyperlink(""https://www.sarna.net/wiki/Orc"", ""Orc"")",2,Protomech,PM,11,1,12,1,1,0,true,0,true,0,true,0,false,0,"IF0*",https://i.ibb.co/1sQgPkw/orc-3075.png,Standard,4,3067,Missile Boat,Clan,0
4752,"=hyperlink(""http://masterunitlist.info/Unit/Details/4752"", ""Orc 3"")","=hyperlink(""https://www.sarna.net/wiki/Orc"", ""Orc"")",3,Protomech,PM,12,1,12,1,1,1,false,1,false,0,false,0,false,0,"-",https://i.ibb.co/1sQgPkw/orc-3075.png,Standard,4,3071,Striker,Clan,0
4753,"=hyperlink(""http://masterunitlist.info/Unit/Details/4753"", ""Orc 4"")","=hyperlink(""https://www.sarna.net/wiki/Orc"", ""Orc"")",4,Protomech,PM,10,1,12,1,1,1,false,0,true,0,false,0,false,0,"-",https://i.ibb.co/1sQgPkw/orc-3075.png,Standard,4,3072,Striker,Clan,0
2801,"=hyperlink(""http://masterunitlist.info/Unit/Details/2801"", ""Satyr"")","=hyperlink(""https://www.sarna.net/wiki/Satyr"", ""Satyr"")",,Protomech,PM,12,1,14,0,1,1,false,1,false,0,false,0,false,0,"ENE, LPRB, RCN",https://i.ibb.co/Z64ZczD/satyr-3060.png,Standard,4,3060,Striker,Clan,0
2802,"=hyperlink(""http://masterunitlist.info/Unit/Details/2802"", ""Satyr 2"")","=hyperlink(""https://www.sarna.net/wiki/Satyr"", ""Satyr"")",2,Protomech,PM,10,1,14/14j,1,1,0,true,0,false,0,false,0,false,0,"ENE",https://i.ibb.co/Z64ZczD/satyr-3060.png,Standard,4,3062,Scout,Clan,0
2803,"=hyperlink(""http://masterunitlist.info/Unit/Details/2803"", ""Satyr 3"")","=hyperlink(""https://www.sarna.net/wiki/Satyr"", ""Satyr"")",3,Protomech,PM,7,1,14/10j,0,1,0,true,0,true,0,false,0,false,0,"JMPW1",https://i.ibb.co/Z64ZczD/satyr-3060.png,Standard,4,3065,Striker,Clan,0
2804,"=hyperlink(""http://masterunitlist.info/Unit/Details/2804"", ""Satyr 4"")","=hyperlink(""https://www.sarna.net/wiki/Satyr"", ""Satyr"")",4,Protomech,PM,7,1,14,0,1,0,true,0,true,0,false,0,false,0,"LTAG",https://i.ibb.co/Z64ZczD/satyr-3060.png,Standard,4,3074,Striker,Clan,0
4979,"=hyperlink(""http://masterunitlist.info/Unit/Details/4979"", ""Satyr XP"")","=hyperlink(""https://www.sarna.net/wiki/Satyr"", ""Satyr"")",XP,Protomech,PM,8,1,12/18j,0,1,0,true,0,true,0,false,0,false,0,"JMPS1",https://i.ibb.co/SJbcswG/satyr-proto.png,Standard,4,3079,Striker,Clan,0
509,"=hyperlink(""http://masterunitlist.info/Unit/Details/509"", ""Centaur"")","=hyperlink(""https://www.sarna.net/wiki/Centaur"", ""Centaur"")",,Protomech,PM,11,1,12,1,1,1,false,0,true,0,true,0,false,0,"IF0*",https://i.ibb.co/txhY9GT/centaur-3060.png,Standard,5,3060,Missile Boat,Clan,0
510,"=hyperlink(""http://masterunitlist.info/Unit/Details/510"", ""Centaur 2"")","=hyperlink(""https://www.sarna.net/wiki/Centaur"", ""Centaur"")",2,Protomech,PM,10,1,12,1,1,1,false,0,true,0,false,0,false,0,"-",https://i.ibb.co/txhY9GT/centaur-3060.png,Standard,5,3063,Scout,Clan,0
511,"=hyperlink(""http://masterunitlist.info/Unit/Details/511"", ""Centaur 3"")","=hyperlink(""https://www.sarna.net/wiki/Centaur"", ""Centaur"")",3,Protomech,PM,12,1,12,1,1,1,false,1,false,0,false,0,false,0,"ENE",https://i.ibb.co/txhY9GT/centaur-3060.png,Standard,5,3065,Striker,Clan,0
512,"=hyperlink(""http://masterunitlist.info/Unit/Details/512"", ""Centaur 4"")","=hyperlink(""https://www.sarna.net/wiki/Centaur"", ""Centaur"")",4,Protomech,PM,14,1,16,1,1,1,false,1,false,0,false,0,false,0,"-",https://i.ibb.co/txhY9GT/centaur-3060.png,Standard,5,3071,Striker,Clan,0
5628,"=hyperlink(""http://masterunitlist.info/Unit/Details/5628"", ""Centaur Z"")","=hyperlink(""https://www.sarna.net/wiki/Centaur"", ""Centaur"")",Z,Protomech,PM,11,1,12,1,1,1,false,0,true,0,true,0,false,0,"IF0*, MCS",https://i.ibb.co/txhY9GT/centaur-3060.png,Experimental,5,3072,Missile Boat,Clan,0
4865,"=hyperlink(""http://masterunitlist.info/Unit/Details/4865"", ""Procyon"")","=hyperlink(""https://www.sarna.net/wiki/Procyon"", ""Procyon"")",,Protomech,PM,11,1,10,1,1,1,false,1,false,0,false,0,false,0,"ENE",https://i.ibb.co/Mcq94X5/procyon-3075.png,Standard,5,3063,Striker,Clan,0
4866,"=hyperlink(""http://masterunitlist.info/Unit/Details/4866"", ""Procyon 2"")","=hyperlink(""https://www.sarna.net/wiki/Procyon"", ""Procyon"")",2,Protomech,PM,13,1,10,1,1,1,false,1,false,1,false,0,false,0,"IF1",https://i.ibb.co/Mcq94X5/procyon-3075.png,Standard,5,3064,Missile Boat,Clan,0
4867,"=hyperlink(""http://masterunitlist.info/Unit/Details/4867"", ""Procyon 3"")","=hyperlink(""https://www.sarna.net/wiki/Procyon"", ""Procyon"")",3,Protomech,PM,11,1,10,1,1,1,false,0,true,0,true,0,false,0,"IF0*",https://i.ibb.co/Mcq94X5/procyon-3075.png,Standard,5,3068,Missile Boat,Clan,0
4868,"=hyperlink(""http://masterunitlist.info/Unit/Details/4868"", ""Procyon 4"")","=hyperlink(""https://www.sarna.net/wiki/Procyon"", ""Procyon"")",4,Protomech,PM,11,1,10,1,1,1,false,1,false,0,false,0,false,0,"-",https://i.ibb.co/Mcq94X5/procyon-3075.png,Standard,5,3068,Striker,Clan,0
4869,"=hyperlink(""http://masterunitlist.info/Unit/Details/4869"", ""Procyon 5"")","=hyperlink(""https://www.sarna.net/wiki/Procyon"", ""Procyon"")",5,Protomech,PM,12,1,10/10j,1,1,1,false,1,false,0,false,0,false,0,"-",https://i.ibb.co/Mcq94X5/procyon-3075.png,Standard,5,3070,Striker,Clan,0
5629,"=hyperlink(""http://masterunitlist.info/Unit/Details/5629"", ""Procyon Z"")","=hyperlink(""https://www.sarna.net/wiki/Procyon"", ""Procyon"")",Z,Protomech,PM,12,1,12/12j,1,1,1,false,1,false,0,false,0,false,0,"MCS",https://i.ibb.co/Mcq94X5/procyon-3075.png,Experimental,5,0,Striker,Clan,0
3953,"=hyperlink(""http://masterunitlist.info/Unit/Details/3953"", ""Chrysaor"")","=hyperlink(""https://www.sarna.net/wiki/Chrysaor"", ""Chrysaor"")",,Protomech,PM,9,1,12,1,1,1,false,0,false,0,false,0,false,0,"ENE",https://i.ibb.co/Yt2b5yS/chrysaor-3075.png,Standard,6,3067,Scout,Clan,0
3954,"=hyperlink(""http://masterunitlist.info/Unit/Details/3954"", ""Chrysaor 2"")","=hyperlink(""https://www.sarna.net/wiki/Chrysaor"", ""Chrysaor"")",2,Protomech,PM,9,1,12/10j,1,1,1,false,0,false,0,false,0,false,0,"ENE",https://i.ibb.co/Yt2b5yS/chrysaor-3075.png,Standard,6,3067,Scout,Clan,0
1594,"=hyperlink(""http://masterunitlist.info/Unit/Details/1594"", ""Hydra"")","=hyperlink(""https://www.sarna.net/wiki/Hydra"", ""Hydra"")",,Protomech,PM,8,1,8,1,1,1,false,1,false,0,false,0,false,0,"-",https://i.ibb.co/LYMCVwB/hydra-3060.png,Standard,6,3059,Brawler,Clan,0
1595,"=hyperlink(""http://masterunitlist.info/Unit/Details/1595"", ""Hydra 2"")","=hyperlink(""https://www.sarna.net/wiki/Hydra"", ""Hydra"")",2,Protomech,PM,6,1,8/6j,0,1,1,false,1,false,0,false,0,false,0,"-",https://i.ibb.co/LYMCVwB/hydra-3060.png,Standard,6,3066,Ambusher,Clan,0
1596,"=hyperlink(""http://masterunitlist.info/Unit/Details/1596"", ""Hydra 3"")","=hyperlink(""https://www.sarna.net/wiki/Hydra"", ""Hydra"")",3,Protomech,PM,11,1,10/10j,1,1,0,true,0,true,0,true,0,false,0,"IF0*",https://i.ibb.co/LYMCVwB/hydra-3060.png,Standard,6,3067,Missile Boat,Clan,0
1597,"=hyperlink(""http://masterunitlist.info/Unit/Details/1597"", ""Hydra 4"")","=hyperlink(""https://www.sarna.net/wiki/Hydra"", ""Hydra"")",4,Protomech,PM,8,1,8,1,1,1,false,1,false,0,false,0,false,0,"-",https://i.ibb.co/LYMCVwB/hydra-3060.png,Standard,6,3072,Brawler,Clan,0
4870,"=hyperlink(""http://masterunitlist.info/Unit/Details/4870"", ""Procyon (Quad)"")","=hyperlink(""https://www.sarna.net/wiki/Procyon_(Quad)"", ""Procyon (Quad)"")",,Protomech,PM,12,1,12,1,1,1,false,1,false,0,false,0,false,0,"-",https://i.ibb.co/S0wTz53/procyon-quad-proto.png,Advanced,6,3081,Striker,Clan,0
3797,"=hyperlink(""http://masterunitlist.info/Unit/Details/3797"", ""Basilisk"")","=hyperlink(""https://www.sarna.net/wiki/Basilisk"", ""Basilisk"")",,Protomech,PM,9,1,8,1,1,1,false,1,false,0,true,0,false,0,"IF0*",https://i.ibb.co/tYhSH72/basilisk-3075.png,Standard,7,3063,Brawler,Clan,0
3796,"=hyperlink(""http://masterunitlist.info/Unit/Details/3796"", ""Basilisk (Quad)"")","=hyperlink(""https://www.sarna.net/wiki/Basilisk_(Quad)"", ""Basilisk (Quad)"")",,Protomech,PM,12,1,10,1,1,1,false,1,false,0,false,0,false,0,"MEL",https://i.ibb.co/6ZzKjqm/basilisk-quad-wor.png,Advanced,7,3072,Striker,Clan,0
5835,"=hyperlink(""http://masterunitlist.info/Unit/Details/5835"", ""Basilisk (Quad) B"")","=hyperlink(""https://www.sarna.net/wiki/Basilisk_(Quad)"", ""Basilisk (Quad)"")",B,Protomech,PM,11,1,20,1,1,0,false,0,false,0,false,0,false,0,"MEL",https://i.ibb.co/6ZzKjqm/basilisk-quad-wor.png,Experimental,7,3072,Striker,Clan,0
3798,"=hyperlink(""http://masterunitlist.info/Unit/Details/3798"", ""Basilisk 2"")","=hyperlink(""https://www.sarna.net/wiki/Basilisk"", ""Basilisk"")",2,Protomech,PM,10,1,8/8j,1,1,2,false,1,false,0,false,0,false,0,"-",https://i.ibb.co/tYhSH72/basilisk-3075.png,Standard,7,3064,Brawler,Clan,0
3799,"=hyperlink(""http://masterunitlist.info/Unit/Details/3799"", ""Basilisk 3"")","=hyperlink(""https://www.sarna.net/wiki/Basilisk"", ""Basilisk"")",3,Protomech,PM,11,1,8/10j,1,1,1,false,1,false,0,false,0,false,0,"ENE, JMPS1",https://i.ibb.co/tYhSH72/basilisk-3075.png,Experimental,7,3072,Striker,Clan,0
2726,"=hyperlink(""http://masterunitlist.info/Unit/Details/2726"", ""Roc"")","=hyperlink(""https://www.sarna.net/wiki/Roc"", ""Roc"")",,Protomech,PM,12,1,10/10j,1,1,1,false,1,false,0,false,0,false,0,"ENE",https://i.ibb.co/ZNt7mTt/roc-3060.png,Standard,7,3059,Brawler,Clan,0
2727,"=hyperlink(""http://masterunitlist.info/Unit/Details/2727"", ""Roc 2"")","=hyperlink(""https://www.sarna.net/wiki/Roc"", ""Roc"")",2,Protomech,PM,12,1,10/10j,1,1,1,false,1,false,0,false,0,false,0,"ENE",https://i.ibb.co/ZNt7mTt/roc-3060.png,Standard,7,3062,Brawler,Clan,0
2728,"=hyperlink(""http://masterunitlist.info/Unit/Details/2728"", ""Roc 3"")","=hyperlink(""https://www.sarna.net/wiki/Roc"", ""Roc"")",3,Protomech,PM,11,1,10,1,1,1,false,1,false,0,false,0,false,0,"ENE",https://i.ibb.co/ZNt7mTt/roc-3060.png,Standard,7,3064,Brawler,Clan,0
2729,"=hyperlink(""http://masterunitlist.info/Unit/Details/2729"", ""Roc 4"")","=hyperlink(""https://www.sarna.net/wiki/Roc"", ""Roc"")",4,Protomech,PM,12,1,10/10j,1,1,0,true,0,true,0,false,0,false,0,"ECM",https://i.ibb.co/ZNt7mTt/roc-3060.png,Standard,7,3072,Brawler,Clan,0
8034,"=hyperlink(""http://masterunitlist.info/Unit/Details/8034"", ""Roc 5"")","=hyperlink(""https://www.sarna.net/wiki/Roc"", ""Roc"")",5,Protomech,PM,13,1,10/14j,1,1,1,false,1,false,0,false,0,false,0,"JMPS1",https://i.ibb.co/ZNt7mTt/roc-3060.png,Standard,7,3112,Striker,Clan,0
5632,"=hyperlink(""http://masterunitlist.info/Unit/Details/5632"", ""Roc Z"")","=hyperlink(""https://www.sarna.net/wiki/Roc"", ""Roc"")",Z,Protomech,PM,12,1,10/10j,1,1,1,false,1,false,0,false,0,false,0,"MCS",https://i.ibb.co/ZNt7mTt/roc-3060.png,Experimental,7,3072,Skirmisher,Clan,0
1239,"=hyperlink(""http://masterunitlist.info/Unit/Details/1239"", ""Gorgon"")","=hyperlink(""https://www.sarna.net/wiki/Gorgon"", ""Gorgon"")",,Protomech,PM,10,1,8,1,1,1,false,1,false,1,false,0,false,0,"IF1",https://i.ibb.co/y6pMVNg/gorgon-3060.png,Standard,8,3059,Missile Boat,Clan,0
1240,"=hyperlink(""http://masterunitlist.info/Unit/Details/1240"", ""Gorgon 2"")","=hyperlink(""https://www.sarna.net/wiki/Gorgon"", ""Gorgon"")",2,Protomech,PM,9,1,8/8j,1,1,1,false,1,false,0,false,0,false,0,"ENE",https://i.ibb.co/y6pMVNg/gorgon-3060.png,Standard,8,3062,Brawler,Clan,0
1241,"=hyperlink(""http://masterunitlist.info/Unit/Details/1241"", ""Gorgon 3"")","=hyperlink(""https://www.sarna.net/wiki/Gorgon"", ""Gorgon"")",3,Protomech,PM,15,1,10,1,1,2,false,2,false,0,false,0,false,0,"SRM1/1",https://i.ibb.co/y6pMVNg/gorgon-3060.png,Standard,8,3066,Brawler,Clan,0
1242,"=hyperlink(""http://masterunitlist.info/Unit/Details/1242"", ""Gorgon 4"")","=hyperlink(""https://www.sarna.net/wiki/Gorgon"", ""Gorgon"")",4,Protomech,PM,12,1,8/6j,1,1,2,false,2,false,0,false,0,false,0,"-",https://i.ibb.co/y6pMVNg/gorgon-3060.png,Standard,8,3071,Brawler,Clan,0
8032,"=hyperlink(""http://masterunitlist.info/Unit/Details/8032"", ""Gorgon 5"")","=hyperlink(""https://www.sarna.net/wiki/Gorgon"", ""Gorgon"")",5,Protomech,PM,9,1,8,1,1,1,false,1,false,1,false,0,false,0,"MCS",https://i.ibb.co/y6pMVNg/gorgon-3060.png,Advanced,8,3122,Sniper,Clan,0
8033,"=hyperlink(""http://masterunitlist.info/Unit/Details/8033"", ""Gorgon 6"")","=hyperlink(""https://www.sarna.net/wiki/Gorgon"", ""Gorgon"")",6,Protomech,PM,13,1,12,1,1,0,true,0,true,0,false,0,false,0,"AECM",https://i.ibb.co/y6pMVNg/gorgon-3060.png,Standard,8,3130,Striker,Clan,0
6577,"=hyperlink(""http://masterunitlist.info/Unit/Details/6577"", ""Hippogriff"")","=hyperlink(""https://www.sarna.net/wiki/Hippogriff"", ""Hippogriff"")",,Protomech,PM,11,1,6/14j,1,1,0,true,0,true,0,true,0,false,0,"IF0*, JMPS2",https://i.ibb.co/w0HXf6j/hippogriff-3150.png,Advanced,8,3110,Missile Boat,Clan,0
5290,"=hyperlink(""http://masterunitlist.info/Unit/Details/5290"", ""Triton"")","=hyperlink(""https://www.sarna.net/wiki/Triton"", ""Triton"")",,Protomech,PM,9,1,8/8j,1,1,1,false,1,false,0,false,0,false,0,"-",https://i.ibb.co/T1zrkTS/triton-3075.png,Standard,8,3067,Brawler,Clan,0
5291,"=hyperlink(""http://masterunitlist.info/Unit/Details/5291"", ""Triton 2"")","=hyperlink(""https://www.sarna.net/wiki/Triton"", ""Triton"")",2,Protomech,PM,11,1,8/8j,1,1,2,false,1,false,0,true,0,false,0,"IF0*",https://i.ibb.co/T1zrkTS/triton-3075.png,Standard,8,3067,Brawler,Clan,0
5292,"=hyperlink(""http://masterunitlist.info/Unit/Details/5292"", ""Triton 3"")","=hyperlink(""https://www.sarna.net/wiki/Triton"", ""Triton"")",3,Protomech,PM,9,1,8/8j,1,1,1,false,1,false,0,false,0,false,0,"ENE",https://i.ibb.co/T1zrkTS/triton-3075.png,Standard,8,3069,Brawler,Clan,0
5293,"=hyperlink(""http://masterunitlist.info/Unit/Details/5293"", ""Triton 4"")","=hyperlink(""https://www.sarna.net/wiki/Triton"", ""Triton"")",4,Protomech,PM,6,1,8/8j,1,1,2,false,0,false,0,false,0,false,0,"ENE",https://i.ibb.co/T1zrkTS/triton-3075.png,Standard,8,3069,Scout,Clan,0
4066,"=hyperlink(""http://masterunitlist.info/Unit/Details/4066"", ""Delphyne"")","=hyperlink(""https://www.sarna.net/wiki/Delphyne"", ""Delphyne"")",,Protomech,PM,12,1,10/10j,1,1,1,false,1,false,0,false,0,false,0,"ENE",https://i.ibb.co/M97CB5H/delphyne-3075.png,Standard,9,3065,Brawler,Clan,0
4067,"=hyperlink(""http://masterunitlist.info/Unit/Details/4067"", ""Delphyne 2"")","=hyperlink(""https://www.sarna.net/wiki/Delphyne"", ""Delphyne"")",2,Protomech,PM,13,1,10/10j,1,1,2,false,1,false,0,false,0,false,0,"-",https://i.ibb.co/M97CB5H/delphyne-3075.png,Standard,9,3067,Brawler,Clan,0
4068,"=hyperlink(""http://masterunitlist.info/Unit/Details/4068"", ""Delphyne 3"")","=hyperlink(""https://www.sarna.net/wiki/Delphyne"", ""Delphyne"")",3,Protomech,PM,13,1,10/10j,1,1,2,false,1,false,0,false,0,false,0,"ENE",https://i.ibb.co/M97CB5H/delphyne-3075.png,Standard,9,3072,Brawler,Clan,0
2186,"=hyperlink(""http://masterunitlist.info/Unit/Details/2186"", ""Minotaur"")","=hyperlink(""https://www.sarna.net/wiki/Minotaur"", ""Minotaur"")",,Protomech,PM,11,1,6/6j,1,1,2,false,2,false,0,false,0,false,0,"ENE",https://i.ibb.co/CtKgHDj/minotaur-3060.png,Standard,9,3059,Juggernaut,Clan,0
2187,"=hyperlink(""http://masterunitlist.info/Unit/Details/2187"", ""Minotaur 2"")","=hyperlink(""https://www.sarna.net/wiki/Minotaur"", ""Minotaur"")",2,Protomech,PM,7,1,6,1,1,0,true,0,true,0,true,0,false,0,"FLK0*/0*/0*",https://i.ibb.co/CtKgHDj/minotaur-3060.png,Standard,9,3062,Sniper,Clan,0
2188,"=hyperlink(""http://masterunitlist.info/Unit/Details/2188"", ""Minotaur 3"")","=hyperlink(""https://www.sarna.net/wiki/Minotaur"", ""Minotaur"")",3,Protomech,PM,14,1,10/10j,1,1,1,false,1,false,1,false,0,false,0,"IF1",https://i.ibb.co/CtKgHDj/minotaur-3060.png,Standard,9,3064,Missile Boat,Clan,0
2189,"=hyperlink(""http://masterunitlist.info/Unit/Details/2189"", ""Minotaur 4"")","=hyperlink(""https://www.sarna.net/wiki/Minotaur"", ""Minotaur"")",4,Protomech,PM,10,1,10/10j,1,1,0,true,0,true,0,true,0,false,0,"-",https://i.ibb.co/CtKgHDj/minotaur-3060.png,Advanced,9,3073,Sniper,Clan,0
4643,"=hyperlink(""http://masterunitlist.info/Unit/Details/4643"", ""Minotaur P2"")","=hyperlink(""https://www.sarna.net/wiki/Minotaur"", ""Minotaur"")",P2,Protomech,PM,11,1,6,2,1,2,false,1,false,0,false,0,false,0,"MCS",https://i.ibb.co/M9dG9wj/minotaur-proto.png,Advanced,9,3080,Ambusher,Clan,0
4644,"=hyperlink(""http://masterunitlist.info/Unit/Details/4644"", ""Minotaur XP"")","=hyperlink(""https://www.sarna.net/wiki/Minotaur"", ""Minotaur"")",XP,Protomech,PM,11,1,6,2,1,2,false,1,false,0,false,0,false,0,"-",https://i.ibb.co/CtKgHDj/minotaur-3060.png,Experimental,9,3078,Juggernaut,Clan,0
5633,"=hyperlink(""http://masterunitlist.info/Unit/Details/5633"", ""Minotaur Z"")","=hyperlink(""https://www.sarna.net/wiki/Minotaur"", ""Minotaur"")",Z,Protomech,PM,11,1,6/10j,1,1,1,false,1,false,0,false,0,false,0,"MCS, JMPS1",https://i.ibb.co/M9dG9wj/minotaur-proto.png,Experimental,9,3072,Ambusher,Clan,0
4326,"=hyperlink(""http://masterunitlist.info/Unit/Details/4326"", ""Hobgoblin"")","=hyperlink(""https://www.sarna.net/wiki/Hobgoblin"", ""Hobgoblin"")",,Protomech,PM,11,1,8,2,1,1,false,1,false,0,false,0,false,0,"UCS",https://i.ibb.co/44GLkpd/hobgoblin-wor.png,Advanced,10,3072,Ambusher,Clan,0
5634,"=hyperlink(""http://masterunitlist.info/Unit/Details/5634"", ""Hobgoblin 2"")","=hyperlink(""https://www.sarna.net/wiki/Hobgoblin"", ""Hobgoblin"")",2,Protomech,PM,11,1,8,2,1,1,false,1,false,0,false,0,false,0,"UCS",https://i.ibb.co/44GLkpd/hobgoblin-wor.png,Experimental,10,3072,Ambusher,Clan,0
3843,"=hyperlink(""http://masterunitlist.info/Unit/Details/3843"", ""Boggart"")","=hyperlink(""https://www.sarna.net/wiki/Boggart"", ""Boggart"")",,Protomech,PM,10,1,10/10j,1,1,0,false,0,false,0,false,0,false,0,"ENE, HT1/1/1",https://i.ibb.co/bJVLF94/boggart-wor.png,Advanced,13,3072,Striker,Clan,0
5635,"=hyperlink(""http://masterunitlist.info/Unit/Details/5635"", ""Boggart 2"")","=hyperlink(""https://www.sarna.net/wiki/Boggart"", ""Boggart"")",2,Protomech,PM,17,1,10/14j,2,1,1,false,1,false,0,false,0,false,0,"ENE, JMPS1",https://i.ibb.co/bJVLF94/boggart-wor.png,Advanced,13,3072,Striker,Clan,0
5168,"=hyperlink(""http://masterunitlist.info/Unit/Details/5168"", ""Svartalfa"")","=hyperlink(""https://www.sarna.net/wiki/Svartalfa"", ""Svartalfa"")",,Protomech,PM,20,1,8g,2,1,3,false,3,false,0,false,0,false,0,"GLD",https://i.ibb.co/khpCYQC/svartalfa-proto.png,Advanced,14,3083,Brawler,Clan,0
8092,"=hyperlink(""http://masterunitlist.info/Unit/Details/8092"", ""Svartalfa 2"")","=hyperlink(""https://www.sarna.net/wiki/Svartalfa"", ""Svartalfa"")",2,Protomech,PM,17,1,8g,1,1,2,false,2,false,2,false,0,false,0,"GLD, IF2, LRM2/2/2",https://i.ibb.co/khpCYQC/svartalfa-proto.png,Advanced,14,3086,Missile Boat,Clan,0
8035,"=hyperlink(""http://masterunitlist.info/Unit/Details/8035"", ""Svartalfa 3"")","=hyperlink(""https://www.sarna.net/wiki/Svartalfa"", ""Svartalfa"")",3,Protomech,PM,20,1,10g,1,1,3,false,3,false,0,false,0,false,0,"GLD",https://i.ibb.co/khpCYQC/svartalfa-proto.png,Advanced,14,3118,Striker,Clan,0
5109,"=hyperlink(""http://masterunitlist.info/Unit/Details/5109"", ""Sprite"")","=hyperlink(""https://www.sarna.net/wiki/Sprite"", ""Sprite"")",,Protomech,PM,20,1,6/10j,2,1,2,false,2,false,2,false,0,false,0,"IF1, JMPS1, LRM1/1/1",https://i.ibb.co/znP75Kj/sprite-wor.png,Advanced,15,3072,Missile Boat,Clan,0
5636,"=hyperlink(""http://masterunitlist.info/Unit/Details/5636"", ""Sprite 2"")","=hyperlink(""https://www.sarna.net/wiki/Sprite"", ""Sprite"")",2,Protomech,PM,12,1,6/6j,2,1,1,false,1,false,1,false,0,false,0,"ENE",https://i.ibb.co/znP75Kj/sprite-wor.png,Advanced,15,3072,Sniper,Clan,0
5637,"=hyperlink(""http://masterunitlist.info/Unit/Details/5637"", ""Sprite 3"")","=hyperlink(""https://www.sarna.net/wiki/Sprite"", ""Sprite"")",3,Protomech,PM,17,1,6/10j,2,1,2,false,2,false,0,false,0,false,0,"JMPS1",https://i.ibb.co/znP75Kj/sprite-wor.png,Experimental,15,0,Striker,Clan,0